,title,link
0,10 Things I Hate About You,/Movie Scripts/10 Things I Hate About You Script.html
1,12,/Movie Scripts/12 Script.html
2,12 and Holding,/Movie Scripts/12 and Holding Script.html
3,12 Monkeys,/Movie Scripts/12 Monkeys Script.html
4,12 Years a Slave,/Movie Scripts/12 Years a Slave Script.html
5,127 Hours,/Movie Scripts/127 Hours Script.html
6,1492: Conquest of Paradise,/Movie Scripts/1492: Conquest of Paradise Script.html
7,15 Minutes,/Movie Scripts/15 Minutes Script.html
8,17 Again,/Movie Scripts/17 Again Script.html
9,187,/Movie Scripts/187 Script.html
10,2001: A Space Odyssey,/Movie Scripts/2001: A Space Odyssey Script.html
11,2012,/Movie Scripts/2012 Script.html
12,25th Hour,/Movie Scripts/25th Hour Script.html
13,30 Minutes or Less,/Movie Scripts/30 Minutes or Less Script.html
14,42,/Movie Scripts/42 Script.html
15,44 Inch Chest,/Movie Scripts/44 Inch Chest Script.html
16,48 Hrs.,/Movie Scripts/48 Hrs. Script.html
17,50-50,/Movie Scripts/50-50 Script.html
18,500 Days of Summer,/Movie Scripts/500 Days of Summer Script.html
19,8 Mile,/Movie Scripts/8 Mile Script.html
20,8MM,/Movie Scripts/8MM Script.html
21,9,/Movie Scripts/9 Script.html
22,A Few Good Men,/Movie Scripts/A Few Good Men Script.html
23,A Most Violent Year,/Movie Scripts/A Most Violent Year Script.html
24,A Serious Man,/Movie Scripts/A Serious Man Script.html
25,A.I.,/Movie Scripts/A.I. Script.html
26,Above the Law,/Movie Scripts/Above the Law Script.html
27,Absolute Power,/Movie Scripts/Absolute Power Script.html
28,"Abyss, The","/Movie Scripts/Abyss, The Script.html"
29,Ace Ventura: Pet Detective,/Movie Scripts/Ace Ventura: Pet Detective Script.html
30,Adaptation,/Movie Scripts/Adaptation Script.html
31,"Addams Family, The","/Movie Scripts/Addams Family, The Script.html"
32,"Adjustment Bureau, The","/Movie Scripts/Adjustment Bureau, The Script.html"
33,"Adventures of Buckaroo Banzai Across the Eighth Dimension, The","/Movie Scripts/Adventures of Buckaroo Banzai Across the Eighth Dimension, The Script.html"
34,Affliction,/Movie Scripts/Affliction Script.html
35,After School Special,/Movie Scripts/After School Special Script.html
36,After.Life,/Movie Scripts/After.Life Script.html
37,Agnes of God,/Movie Scripts/Agnes of God Script.html
38,Air Force One,/Movie Scripts/Air Force One Script.html
39,Airplane,/Movie Scripts/Airplane Script.html
40,Airplane 2: The Sequel,/Movie Scripts/Airplane 2: The Sequel Script.html
41,Aladdin,/Movie Scripts/Aladdin Script.html
42,Ali,/Movie Scripts/Ali Script.html
43,Alien,/Movie Scripts/Alien Script.html
44,Alien 3,/Movie Scripts/Alien 3 Script.html
45,Alien Nation,/Movie Scripts/Alien Nation Script.html
46,Alien vs. Predator,/Movie Scripts/Alien vs. Predator Script.html
47,Alien: Resurrection,/Movie Scripts/Alien: Resurrection Script.html
48,Aliens,/Movie Scripts/Aliens Script.html
49,All About Eve,/Movie Scripts/All About Eve Script.html
50,All About Steve,/Movie Scripts/All About Steve Script.html
51,All the King's Men,/Movie Scripts/All the King's Men Script.html
52,All the President's Men,/Movie Scripts/All the President's Men Script.html
53,Almost Famous,/Movie Scripts/Almost Famous Script.html
54,Alone in the Dark,/Movie Scripts/Alone in the Dark Script.html
55,Amadeus,/Movie Scripts/Amadeus Script.html
56,Amelia,/Movie Scripts/Amelia Script.html
57,American Beauty,/Movie Scripts/American Beauty Script.html
58,American Gangster,/Movie Scripts/American Gangster Script.html
59,American Graffiti,/Movie Scripts/American Graffiti Script.html
60,American History X,/Movie Scripts/American History X Script.html
61,American Hustle,/Movie Scripts/American Hustle Script.html
62,American Madness,/Movie Scripts/American Madness Script.html
63,American Outlaws,/Movie Scripts/American Outlaws Script.html
64,American Pie,/Movie Scripts/American Pie Script.html
65,"American President, The","/Movie Scripts/American President, The Script.html"
66,American Psycho,/Movie Scripts/American Psycho Script.html
67,American Shaolin: King of Kickboxers II,/Movie Scripts/American Shaolin: King of Kickboxers II Script.html
68,American Sniper,/Movie Scripts/American Sniper Script.html
69,American Splendor,/Movie Scripts/American Splendor Script.html
70,American Werewolf in London,/Movie Scripts/American Werewolf in London Script.html
71,"American, The","/Movie Scripts/American, The Script.html"
72,"Amityville Asylum, The","/Movie Scripts/Amityville Asylum, The Script.html"
73,Amour,/Movie Scripts/Amour Script.html
74,An Education,/Movie Scripts/An Education Script.html
75,Analyze That,/Movie Scripts/Analyze That Script.html
76,Analyze This,/Movie Scripts/Analyze This Script.html
77,Anastasia,/Movie Scripts/Anastasia Script.html
78,Angel Eyes,/Movie Scripts/Angel Eyes Script.html
79,Angels & Demons,/Movie Scripts/Angels & Demons Script.html
80,Anna Karenina,/Movie Scripts/Anna Karenina Script.html
81,Annie Hall,/Movie Scripts/Annie Hall Script.html
82,"Anniversary Party, The","/Movie Scripts/Anniversary Party, The Script.html"
83,Anonymous,/Movie Scripts/Anonymous Script.html
84,Antitrust,/Movie Scripts/Antitrust Script.html
85,Antz,/Movie Scripts/Antz Script.html
86,"Apartment, The","/Movie Scripts/Apartment, The Script.html"
87,Apocalypse Now,/Movie Scripts/Apocalypse Now Script.html
88,Apollo 13,/Movie Scripts/Apollo 13 Script.html
89,April Fool's Day,/Movie Scripts/April Fool's Day Script.html
90,Apt Pupil,/Movie Scripts/Apt Pupil Script.html
91,Arbitrage,/Movie Scripts/Arbitrage Script.html
92,Arcade,/Movie Scripts/Arcade Script.html
93,Arctic Blue,/Movie Scripts/Arctic Blue Script.html
94,Argo,/Movie Scripts/Argo Script.html
95,Armageddon,/Movie Scripts/Armageddon Script.html
96,Army of Darkness,/Movie Scripts/Army of Darkness Script.html
97,Arsenic and Old Lace,/Movie Scripts/Arsenic and Old Lace Script.html
98,Arthur,/Movie Scripts/Arthur Script.html
99,"Artist, The","/Movie Scripts/Artist, The Script.html"
100,As Good As It Gets,/Movie Scripts/As Good As It Gets Script.html
101,Assassins,/Movie Scripts/Assassins Script.html
102,"Assignment, The","/Movie Scripts/Assignment, The Script.html"
103,At First Sight,/Movie Scripts/At First Sight Script.html
104,August: Osage County,/Movie Scripts/August: Osage County Script.html
105,Austin Powers - International Man of Mystery,/Movie Scripts/Austin Powers - International Man of Mystery Script.html
106,Austin Powers - The Spy Who Shagged Me,/Movie Scripts/Austin Powers - The Spy Who Shagged Me Script.html
107,Authors Anonymous,/Movie Scripts/Authors Anonymous Script.html
108,Autumn in New York,/Movie Scripts/Autumn in New York Script.html
109,Avatar,/Movie Scripts/Avatar Script.html
110,"Avengers, The","/Movie Scripts/Avengers, The Script.html"
111,"Avengers, The (2012)","/Movie Scripts/Avengers, The (2012) Script.html"
112,"Avventura, L' (The Adventure)","/Movie Scripts/Avventura, L' (The Adventure) Script.html"
113,Awakenings,/Movie Scripts/Awakenings Script.html
114,Babel,/Movie Scripts/Babel Script.html
115,Bachelor Party,/Movie Scripts/Bachelor Party Script.html
116,"Bachelor Party, The","/Movie Scripts/Bachelor Party, The Script.html"
117,Back to the Future,/Movie Scripts/Back to the Future Script.html
118,Back to the Future II & III,/Movie Scripts/Back to the Future II & III Script.html
119,"Back-up Plan, The","/Movie Scripts/Back-up Plan, The Script.html"
120,Backdraft,/Movie Scripts/Backdraft Script.html
121,Bad Boys,/Movie Scripts/Bad Boys Script.html
122,Bad Country,/Movie Scripts/Bad Country Script.html
123,Bad Day at Black Rock,/Movie Scripts/Bad Day at Black Rock Script.html
124,Bad Dreams,/Movie Scripts/Bad Dreams Script.html
125,Bad Lieutenant,/Movie Scripts/Bad Lieutenant Script.html
126,Bad Santa,/Movie Scripts/Bad Santa Script.html
127,Bad Teacher,/Movie Scripts/Bad Teacher Script.html
128,Badlands,/Movie Scripts/Badlands Script.html
129,Bamboozled,/Movie Scripts/Bamboozled Script.html
130,Barry Lyndon,/Movie Scripts/Barry Lyndon Script.html
131,Barton Fink,/Movie Scripts/Barton Fink Script.html
132,Basic,/Movie Scripts/Basic Script.html
133,Basic Instinct,/Movie Scripts/Basic Instinct Script.html
134,Basquiat,/Movie Scripts/Basquiat Script.html
135,Batman,/Movie Scripts/Batman Script.html
136,Batman 2,/Movie Scripts/Batman 2 Script.html
137,Batman and Robin,/Movie Scripts/Batman and Robin Script.html
138,Batman Begins,/Movie Scripts/Batman Begins Script.html
139,Batman Forever,/Movie Scripts/Batman Forever Script.html
140,Batman Returns,/Movie Scripts/Batman Returns Script.html
141,"Battle of Algiers, The","/Movie Scripts/Battle of Algiers, The Script.html"
142,"Battle of Shaker Heights, The","/Movie Scripts/Battle of Shaker Heights, The Script.html"
143,Battle: Los Angeles,/Movie Scripts/Battle: Los Angeles Script.html
144,"Beach, The","/Movie Scripts/Beach, The Script.html"
145,Bean,/Movie Scripts/Bean Script.html
146,Beasts of the Southern Wild,/Movie Scripts/Beasts of the Southern Wild Script.html
147,Beavis and Butt-head Do America,/Movie Scripts/Beavis and Butt-head Do America Script.html
148,Beginners,/Movie Scripts/Beginners Script.html
149,Being Human,/Movie Scripts/Being Human Script.html
150,Being John Malkovich,/Movie Scripts/Being John Malkovich Script.html
151,Being There,/Movie Scripts/Being There Script.html
152,"Believer, The","/Movie Scripts/Believer, The Script.html"
153,Belle,/Movie Scripts/Belle Script.html
154,Beloved,/Movie Scripts/Beloved Script.html
155,Benny & Joon,/Movie Scripts/Benny & Joon Script.html
156,"Best Exotic Marigold Hotel, The","/Movie Scripts/Best Exotic Marigold Hotel, The Script.html"
157,Big,/Movie Scripts/Big Script.html
158,"Big Blue, The","/Movie Scripts/Big Blue, The Script.html"
159,Big Eyes,/Movie Scripts/Big Eyes Script.html
160,Big Fish,/Movie Scripts/Big Fish Script.html
161,"Big Lebowski, The","/Movie Scripts/Big Lebowski, The Script.html"
162,"Big White, The","/Movie Scripts/Big White, The Script.html"
163,Birdman,/Movie Scripts/Birdman Script.html
164,"Birds, The","/Movie Scripts/Birds, The Script.html"
165,Birthday Girl,/Movie Scripts/Birthday Girl Script.html
166,"Black Dahlia, The","/Movie Scripts/Black Dahlia, The Script.html"
167,Black Rain,/Movie Scripts/Black Rain Script.html
168,Black Snake Moan,/Movie Scripts/Black Snake Moan Script.html
169,Black Swan,/Movie Scripts/Black Swan Script.html
170,Blade,/Movie Scripts/Blade Script.html
171,Blade II,/Movie Scripts/Blade II Script.html
172,Blade Runner,/Movie Scripts/Blade Runner Script.html
173,Blade: Trinity,/Movie Scripts/Blade: Trinity Script.html
174,"Blast from the Past, The","/Movie Scripts/Blast from the Past, The Script.html"
175,"Blind Side, The","/Movie Scripts/Blind Side, The Script.html"
176,"Bling Ring, The","/Movie Scripts/Bling Ring, The Script.html"
177,Blood and Wine,/Movie Scripts/Blood and Wine Script.html
178,Blood Simple,/Movie Scripts/Blood Simple Script.html
179,Blow,/Movie Scripts/Blow Script.html
180,Blue Valentine,/Movie Scripts/Blue Valentine Script.html
181,Blue Velvet,/Movie Scripts/Blue Velvet Script.html
182,"Blues Brothers, The","/Movie Scripts/Blues Brothers, The Script.html"
183,"Bodies, Rest & Motion","/Movie Scripts/Bodies, Rest & Motion Script.html"
184,Body Heat,/Movie Scripts/Body Heat Script.html
185,Body of Evidence,/Movie Scripts/Body of Evidence Script.html
186,Bodyguard,/Movie Scripts/Bodyguard Script.html
187,Bones,/Movie Scripts/Bones Script.html
188,Bonfire of the Vanities,/Movie Scripts/Bonfire of the Vanities Script.html
189,Bonnie and Clyde,/Movie Scripts/Bonnie and Clyde Script.html
190,Boogie Nights,/Movie Scripts/Boogie Nights Script.html
191,"Book of Eli, The","/Movie Scripts/Book of Eli, The Script.html"
192,Boondock Saints 2: All Saints Day,/Movie Scripts/Boondock Saints 2: All Saints Day Script.html
193,"Boondock Saints, The","/Movie Scripts/Boondock Saints, The Script.html"
194,Bottle Rocket,/Movie Scripts/Bottle Rocket Script.html
195,Bound,/Movie Scripts/Bound Script.html
196,"Bounty Hunter, The","/Movie Scripts/Bounty Hunter, The Script.html"
197,"Bourne Identity, The","/Movie Scripts/Bourne Identity, The Script.html"
198,"Bourne Supremacy, The","/Movie Scripts/Bourne Supremacy, The Script.html"
199,"Bourne Ultimatum, The","/Movie Scripts/Bourne Ultimatum, The Script.html"
200,"Box, The","/Movie Scripts/Box, The Script.html"
201,Boyhood,/Movie Scripts/Boyhood Script.html
202,Braveheart,/Movie Scripts/Braveheart Script.html
203,Brazil,/Movie Scripts/Brazil Script.html
204,Break,/Movie Scripts/Break Script.html
205,Breakdown,/Movie Scripts/Breakdown Script.html
206,"Breakfast Club, The","/Movie Scripts/Breakfast Club, The Script.html"
207,Breaking Away,/Movie Scripts/Breaking Away Script.html
208,Brick,/Movie Scripts/Brick Script.html
209,Bridesmaids,/Movie Scripts/Bridesmaids Script.html
210,Bringing Out the Dead,/Movie Scripts/Bringing Out the Dead Script.html
211,Broadcast News,/Movie Scripts/Broadcast News Script.html
212,Broken Arrow,/Movie Scripts/Broken Arrow Script.html
213,Broken Embraces,/Movie Scripts/Broken Embraces Script.html
214,"Brothers Bloom, The","/Movie Scripts/Brothers Bloom, The Script.html"
215,Bruce Almighty,/Movie Scripts/Bruce Almighty Script.html
216,Buffy the Vampire Slayer,/Movie Scripts/Buffy the Vampire Slayer Script.html
217,Bull Durham,/Movie Scripts/Bull Durham Script.html
218,Buried,/Movie Scripts/Buried Script.html
219,Burlesque,/Movie Scripts/Burlesque Script.html
220,Burn After Reading,/Movie Scripts/Burn After Reading Script.html
221,Burning Annie,/Movie Scripts/Burning Annie Script.html
222,"Butterfly Effect, The","/Movie Scripts/Butterfly Effect, The Script.html"
223,Cable Guy,/Movie Scripts/Cable Guy Script.html
224,Candle to Water,/Movie Scripts/Candle to Water Script.html
225,Capote,/Movie Scripts/Capote Script.html
226,Carrie,/Movie Scripts/Carrie Script.html
227,Cars 2,/Movie Scripts/Cars 2 Script.html
228,Casablanca,/Movie Scripts/Casablanca Script.html
229,Case 39,/Movie Scripts/Case 39 Script.html
230,Casino,/Movie Scripts/Casino Script.html
231,Cast Away,/Movie Scripts/Cast Away Script.html
232,Catch Me If You Can,/Movie Scripts/Catch Me If You Can Script.html
233,Catwoman,/Movie Scripts/Catwoman Script.html
234,Cecil B. Demented,/Movie Scripts/Cecil B. Demented Script.html
235,Cedar Rapids,/Movie Scripts/Cedar Rapids Script.html
236,Celeste & Jesse Forever,/Movie Scripts/Celeste & Jesse Forever Script.html
237,"Cell, The","/Movie Scripts/Cell, The Script.html"
238,Cellular,/Movie Scripts/Cellular Script.html
239,"Change-Up, The","/Movie Scripts/Change-Up, The Script.html"
240,Changeling,/Movie Scripts/Changeling Script.html
241,Chaos,/Movie Scripts/Chaos Script.html
242,Charade,/Movie Scripts/Charade Script.html
243,Charlie's Angels,/Movie Scripts/Charlie's Angels Script.html
244,Chasing Amy,/Movie Scripts/Chasing Amy Script.html
245,Chasing Sleep,/Movie Scripts/Chasing Sleep Script.html
246,Cherry Falls,/Movie Scripts/Cherry Falls Script.html
247,Chinatown,/Movie Scripts/Chinatown Script.html
248,Christ Complex,/Movie Scripts/Christ Complex Script.html
249,Chronicle,/Movie Scripts/Chronicle Script.html
250,"Chronicles of Narnia: The Lion, the Witch and the Wardrobe","/Movie Scripts/Chronicles of Narnia: The Lion, the Witch and the Wardrobe Script.html"
251,"Cider House Rules, The","/Movie Scripts/Cider House Rules, The Script.html"
252,"Cincinnati Kid, The","/Movie Scripts/Cincinnati Kid, The Script.html"
253,Cinema Paradiso,/Movie Scripts/Cinema Paradiso Script.html
254,Cirque du Freak: The Vampire's Assistant,/Movie Scripts/Cirque du Freak: The Vampire's Assistant Script.html
255,Citizen Kane,/Movie Scripts/Citizen Kane Script.html
256,City of Joy,/Movie Scripts/City of Joy Script.html
257,Clash of the Titans,/Movie Scripts/Clash of the Titans Script.html
258,Clerks,/Movie Scripts/Clerks Script.html
259,Cliffhanger,/Movie Scripts/Cliffhanger Script.html
260,"Clockwork Orange, A","/Movie Scripts/Clockwork Orange, A Script.html"
261,Clueless,/Movie Scripts/Clueless Script.html
262,Cobb,/Movie Scripts/Cobb Script.html
263,Code of Silence,/Movie Scripts/Code of Silence Script.html
264,Cold Mountain,/Movie Scripts/Cold Mountain Script.html
265,Collateral,/Movie Scripts/Collateral Script.html
266,Collateral Damage,/Movie Scripts/Collateral Damage Script.html
267,Colombiana,/Movie Scripts/Colombiana Script.html
268,Color of Night,/Movie Scripts/Color of Night Script.html
269,Commando,/Movie Scripts/Commando Script.html
270,Conan the Barbarian,/Movie Scripts/Conan the Barbarian Script.html
271,Confessions of a Dangerous Mind,/Movie Scripts/Confessions of a Dangerous Mind Script.html
272,Confidence,/Movie Scripts/Confidence Script.html
273,Constantine,/Movie Scripts/Constantine Script.html
274,Contact,/Movie Scripts/Contact Script.html
275,"Cooler, The","/Movie Scripts/Cooler, The Script.html"
276,Copycat,/Movie Scripts/Copycat Script.html
277,Coraline,/Movie Scripts/Coraline Script.html
278,Coriolanus,/Movie Scripts/Coriolanus Script.html
279,Courage Under Fire,/Movie Scripts/Courage Under Fire Script.html
280,Cowboys & Aliens,/Movie Scripts/Cowboys & Aliens Script.html
281,Cradle 2 the Grave,/Movie Scripts/Cradle 2 the Grave Script.html
282,Crank,/Movie Scripts/Crank Script.html
283,Crash,/Movie Scripts/Crash Script.html
284,"Crazy, Stupid, Love","/Movie Scripts/Crazy, Stupid, Love Script.html"
285,Crazylove,/Movie Scripts/Crazylove Script.html
286,Creation,/Movie Scripts/Creation Script.html
287,Crime Spree,/Movie Scripts/Crime Spree Script.html
288,"Croods, The","/Movie Scripts/Croods, The Script.html"
289,"Crouching Tiger, Hidden Dragon","/Movie Scripts/Crouching Tiger, Hidden Dragon Script.html"
290,Croupier,/Movie Scripts/Croupier Script.html
291,"Crow Salvation, The","/Movie Scripts/Crow Salvation, The Script.html"
292,"Crow, The","/Movie Scripts/Crow, The Script.html"
293,"Crow: City of Angels, The","/Movie Scripts/Crow: City of Angels, The Script.html"
294,Cruel Intentions,/Movie Scripts/Cruel Intentions Script.html
295,Crying Game,/Movie Scripts/Crying Game Script.html
296,Cube,/Movie Scripts/Cube Script.html
297,"Curious Case of Benjamin Button, The","/Movie Scripts/Curious Case of Benjamin Button, The Script.html"
298,Custody,/Movie Scripts/Custody Script.html
299,Dallas Buyers Club,/Movie Scripts/Dallas Buyers Club Script.html
300,"Damned United, The","/Movie Scripts/Damned United, The Script.html"
301,Dances with Wolves,/Movie Scripts/Dances with Wolves Script.html
302,Dark City,/Movie Scripts/Dark City Script.html
303,"Dark Knight Rises, The","/Movie Scripts/Dark Knight Rises, The Script.html"
304,"Dark Knight, The","/Movie Scripts/Dark Knight, The Script.html"
305,Dark Star,/Movie Scripts/Dark Star Script.html
306,Darkman,/Movie Scripts/Darkman Script.html
307,Date Night,/Movie Scripts/Date Night Script.html
308,Dave Barry's Complete Guide to Guys,/Movie Scripts/Dave Barry's Complete Guide to Guys Script.html
309,Dawn of the Dead,/Movie Scripts/Dawn of the Dead Script.html
310,Day of the Dead,/Movie Scripts/Day of the Dead Script.html
311,"Day the Clown Cried, The","/Movie Scripts/Day the Clown Cried, The Script.html"
312,"Day the Earth Stood Still, The","/Movie Scripts/Day the Earth Stood Still, The Script.html"
313,Days of Heaven,/Movie Scripts/Days of Heaven Script.html
314,Dead Poets Society,/Movie Scripts/Dead Poets Society Script.html
315,Deadpool,/Movie Scripts/Deadpool Script.html
316,Dear White People,/Movie Scripts/Dear White People Script.html
317,Death at a Funeral,/Movie Scripts/Death at a Funeral Script.html
318,Death to Smoochy,/Movie Scripts/Death to Smoochy Script.html
319,"Debt, The","/Movie Scripts/Debt, The Script.html"
320,Deception,/Movie Scripts/Deception Script.html
321,Deep Cover,/Movie Scripts/Deep Cover Script.html
322,Deep Rising,/Movie Scripts/Deep Rising Script.html
323,"Deer Hunter, The","/Movie Scripts/Deer Hunter, The Script.html"
324,Defiance,/Movie Scripts/Defiance Script.html
325,"Departed, The","/Movie Scripts/Departed, The Script.html"
326,"Descendants, The","/Movie Scripts/Descendants, The Script.html"
327,Despicable Me 2,/Movie Scripts/Despicable Me 2 Script.html
328,Detroit Rock City,/Movie Scripts/Detroit Rock City Script.html
329,Devil in a Blue Dress,/Movie Scripts/Devil in a Blue Dress Script.html
330,Devil's Advocate,/Movie Scripts/Devil's Advocate Script.html
331,Die Hard,/Movie Scripts/Die Hard Script.html
332,Die Hard 2,/Movie Scripts/Die Hard 2 Script.html
333,Diner,/Movie Scripts/Diner Script.html
334,"Distinguished Gentleman, The","/Movie Scripts/Distinguished Gentleman, The Script.html"
335,Disturbia,/Movie Scripts/Disturbia Script.html
336,Django Unchained,/Movie Scripts/Django Unchained Script.html
337,Do The Right Thing,/Movie Scripts/Do The Right Thing Script.html
338,Dog Day Afternoon,/Movie Scripts/Dog Day Afternoon Script.html
339,Dogma,/Movie Scripts/Dogma Script.html
340,Donnie Brasco,/Movie Scripts/Donnie Brasco Script.html
341,Donnie Darko,/Movie Scripts/Donnie Darko Script.html
342,"Doors, The","/Movie Scripts/Doors, The Script.html"
343,Double Indemnity,/Movie Scripts/Double Indemnity Script.html
344,Drag Me to Hell,/Movie Scripts/Drag Me to Hell Script.html
345,Dragonslayer,/Movie Scripts/Dragonslayer Script.html
346,Drive,/Movie Scripts/Drive Script.html
347,Drive Angry,/Movie Scripts/Drive Angry Script.html
348,Drop Dead Gorgeous,/Movie Scripts/Drop Dead Gorgeous Script.html
349,"Dry White Season, A","/Movie Scripts/Dry White Season, A Script.html"
350,Duck Soup,/Movie Scripts/Duck Soup Script.html
351,Dumb and Dumber,/Movie Scripts/Dumb and Dumber Script.html
352,Dune,/Movie Scripts/Dune Script.html
353,E.T.,/Movie Scripts/E.T. Script.html
354,Eagle Eye,/Movie Scripts/Eagle Eye Script.html
355,Eastern Promises,/Movie Scripts/Eastern Promises Script.html
356,Easy A,/Movie Scripts/Easy A Script.html
357,Ed TV,/Movie Scripts/Ed TV Script.html
358,Ed Wood,/Movie Scripts/Ed Wood Script.html
359,Edward Scissorhands,/Movie Scripts/Edward Scissorhands Script.html
360,Eight Legged Freaks,/Movie Scripts/Eight Legged Freaks Script.html
361,El Mariachi,/Movie Scripts/El Mariachi Script.html
362,Election,/Movie Scripts/Election Script.html
363,"Elephant Man, The","/Movie Scripts/Elephant Man, The Script.html"
364,Elizabeth: The Golden Age,/Movie Scripts/Elizabeth: The Golden Age Script.html
365,Enemy of the State,/Movie Scripts/Enemy of the State Script.html
366,"English Patient, The","/Movie Scripts/English Patient, The Script.html"
367,Enough,/Movie Scripts/Enough Script.html
368,Entrapment,/Movie Scripts/Entrapment Script.html
369,Equilibrium,/Movie Scripts/Equilibrium Script.html
370,Erik the Viking,/Movie Scripts/Erik the Viking Script.html
371,Erin Brockovich,/Movie Scripts/Erin Brockovich Script.html
372,Escape From L.A.,/Movie Scripts/Escape From L.A. Script.html
373,Escape From New York,/Movie Scripts/Escape From New York Script.html
374,Eternal Sunshine of the Spotless Mind,/Movie Scripts/Eternal Sunshine of the Spotless Mind Script.html
375,Even Cowgirls Get the Blues,/Movie Scripts/Even Cowgirls Get the Blues Script.html
376,Event Horizon,/Movie Scripts/Event Horizon Script.html
377,Evil Dead,/Movie Scripts/Evil Dead Script.html
378,Evil Dead II: Dead by Dawn,/Movie Scripts/Evil Dead II: Dead by Dawn Script.html
379,Ex Machina,/Movie Scripts/Ex Machina Script.html
380,Excalibur,/Movie Scripts/Excalibur Script.html
381,Executive Decision,/Movie Scripts/Executive Decision Script.html
382,eXistenZ,/Movie Scripts/eXistenZ Script.html
383,Extract,/Movie Scripts/Extract Script.html
384,Eyes Wide Shut,/Movie Scripts/Eyes Wide Shut Script.html
385,"Fabulous Baker Boys, The","/Movie Scripts/Fabulous Baker Boys, The Script.html"
386,Face Off,/Movie Scripts/Face Off Script.html
387,Fair Game,/Movie Scripts/Fair Game Script.html
388,"Family Man, The","/Movie Scripts/Family Man, The Script.html"
389,Fantastic Four,/Movie Scripts/Fantastic Four Script.html
390,Fantastic Mr Fox,/Movie Scripts/Fantastic Mr Fox Script.html
391,Fargo,/Movie Scripts/Fargo Script.html
392,Fast Times at Ridgemont High,/Movie Scripts/Fast Times at Ridgemont High Script.html
393,Fatal Instinct,/Movie Scripts/Fatal Instinct Script.html
394,"Fault in Our Stars, The","/Movie Scripts/Fault in Our Stars, The Script.html"
395,Fear and Loathing in Las Vegas,/Movie Scripts/Fear and Loathing in Las Vegas Script.html
396,Feast,/Movie Scripts/Feast Script.html
397,Ferris Bueller's Day Off,/Movie Scripts/Ferris Bueller's Day Off Script.html
398,Field of Dreams,/Movie Scripts/Field of Dreams Script.html
399,"Fifth Element, The","/Movie Scripts/Fifth Element, The Script.html"
400,Fight Club,/Movie Scripts/Fight Club Script.html
401,"Fighter, The","/Movie Scripts/Fighter, The Script.html"
402,Final Destination,/Movie Scripts/Final Destination Script.html
403,Final Destination 2,/Movie Scripts/Final Destination 2 Script.html
404,Finding Nemo,/Movie Scripts/Finding Nemo Script.html
405,Five Easy Pieces,/Movie Scripts/Five Easy Pieces Script.html
406,Flash Gordon,/Movie Scripts/Flash Gordon Script.html
407,Fletch,/Movie Scripts/Fletch Script.html
408,Flight,/Movie Scripts/Flight Script.html
409,"Flintstones, The","/Movie Scripts/Flintstones, The Script.html"
410,Forrest Gump,/Movie Scripts/Forrest Gump Script.html
411,Four Feathers,/Movie Scripts/Four Feathers Script.html
412,Four Rooms,/Movie Scripts/Four Rooms Script.html
413,Foxcatcher,/Movie Scripts/Foxcatcher Script.html
414,Fracture,/Movie Scripts/Fracture Script.html
415,Frances,/Movie Scripts/Frances Script.html
416,Frankenstein,/Movie Scripts/Frankenstein Script.html
417,Frankenweenie,/Movie Scripts/Frankenweenie Script.html
418,Freaked,/Movie Scripts/Freaked Script.html
419,Freddy vs. Jason,/Movie Scripts/Freddy vs. Jason Script.html
420,"French Connection, The","/Movie Scripts/French Connection, The Script.html"
421,Frequency,/Movie Scripts/Frequency Script.html
422,Friday the 13th,/Movie Scripts/Friday the 13th Script.html
423,Friday the 13th Part VIII: Jason Takes Manhattan,/Movie Scripts/Friday the 13th Part VIII: Jason Takes Manhattan Script.html
424,Fright Night,/Movie Scripts/Fright Night Script.html
425,Fright Night (1985),/Movie Scripts/Fright Night (1985) Script.html
426,From Dusk Till Dawn,/Movie Scripts/From Dusk Till Dawn Script.html
427,From Here to Eternity,/Movie Scripts/From Here to Eternity Script.html
428,Frozen,/Movie Scripts/Frozen Script.html
429,Frozen (Disney),/Movie Scripts/Frozen (Disney) Script.html
430,Frozen River,/Movie Scripts/Frozen River Script.html
431,Fruitvale Station,/Movie Scripts/Fruitvale Station Script.html
432,"Fugitive, The","/Movie Scripts/Fugitive, The Script.html"
433,Full Metal Jacket,/Movie Scripts/Full Metal Jacket Script.html
434,Funny People,/Movie Scripts/Funny People Script.html
435,Fury,/Movie Scripts/Fury Script.html
436,G.I. Jane,/Movie Scripts/G.I. Jane Script.html
437,G.I. Joe: The Rise of Cobra,/Movie Scripts/G.I. Joe: The Rise of Cobra Script.html
438,Game 6,/Movie Scripts/Game 6 Script.html
439,"Game, The","/Movie Scripts/Game, The Script.html"
440,Gamer,/Movie Scripts/Gamer Script.html
441,Gandhi,/Movie Scripts/Gandhi Script.html
442,Gang Related,/Movie Scripts/Gang Related Script.html
443,Gangs of New York,/Movie Scripts/Gangs of New York Script.html
444,Garden State,/Movie Scripts/Garden State Script.html
445,Gattaca,/Movie Scripts/Gattaca Script.html
446,Get Carter,/Movie Scripts/Get Carter Script.html
447,Get Low,/Movie Scripts/Get Low Script.html
448,Get on Up,/Movie Scripts/Get on Up Script.html
449,Get Shorty,/Movie Scripts/Get Shorty Script.html
450,"Getaway, The","/Movie Scripts/Getaway, The Script.html"
451,Ghost,/Movie Scripts/Ghost Script.html
452,"Ghost and the Darkness, The","/Movie Scripts/Ghost and the Darkness, The Script.html"
453,Ghost Rider,/Movie Scripts/Ghost Rider Script.html
454,Ghost Ship,/Movie Scripts/Ghost Ship Script.html
455,Ghost World,/Movie Scripts/Ghost World Script.html
456,Ghostbusters,/Movie Scripts/Ghostbusters Script.html
457,Ghostbusters 2,/Movie Scripts/Ghostbusters 2 Script.html
458,Ginger Snaps,/Movie Scripts/Ginger Snaps Script.html
459,"Girl with the Dragon Tattoo, The","/Movie Scripts/Girl with the Dragon Tattoo, The Script.html"
460,Gladiator,/Movie Scripts/Gladiator Script.html
461,Glengarry Glen Gross,/Movie Scripts/Glengarry Glen Gross Script.html
462,Go,/Movie Scripts/Go Script.html
463,Godfather,/Movie Scripts/Godfather Script.html
464,Godfather Part II,/Movie Scripts/Godfather Part II Script.html
465,"Godfather Part III, The","/Movie Scripts/Godfather Part III, The Script.html"
466,Gods and Monsters,/Movie Scripts/Gods and Monsters Script.html
467,Godzilla,/Movie Scripts/Godzilla Script.html
468,Gone in 60 Seconds,/Movie Scripts/Gone in 60 Seconds Script.html
469,"Good Girl, The","/Movie Scripts/Good Girl, The Script.html"
470,Good Will Hunting,/Movie Scripts/Good Will Hunting Script.html
471,Goodfellas,/Movie Scripts/Goodfellas Script.html
472,Gothika,/Movie Scripts/Gothika Script.html
473,"Graduate, The","/Movie Scripts/Graduate, The Script.html"
474,Gran Torino,/Movie Scripts/Gran Torino Script.html
475,Grand Hotel,/Movie Scripts/Grand Hotel Script.html
476,Grand Theft Parsons,/Movie Scripts/Grand Theft Parsons Script.html
477,"Grapes of Wrath, The","/Movie Scripts/Grapes of Wrath, The Script.html"
478,Gravity,/Movie Scripts/Gravity Script.html
479,"Green Mile, The","/Movie Scripts/Green Mile, The Script.html"
480,Gremlins,/Movie Scripts/Gremlins Script.html
481,Gremlins 2,/Movie Scripts/Gremlins 2 Script.html
482,"Grifters, The","/Movie Scripts/Grifters, The Script.html"
483,Grosse Point Blank,/Movie Scripts/Grosse Point Blank Script.html
484,Groundhog Day,/Movie Scripts/Groundhog Day Script.html
485,"Grudge, The","/Movie Scripts/Grudge, The Script.html"
486,Hackers,/Movie Scripts/Hackers Script.html
487,Hall Pass,/Movie Scripts/Hall Pass Script.html
488,Halloween: The Curse of Michael Myers,/Movie Scripts/Halloween: The Curse of Michael Myers Script.html
489,Hancock,/Movie Scripts/Hancock Script.html
490,"Hangover, The","/Movie Scripts/Hangover, The Script.html"
491,Hanna,/Movie Scripts/Hanna Script.html
492,Hannah and Her Sisters,/Movie Scripts/Hannah and Her Sisters Script.html
493,Hannibal,/Movie Scripts/Hannibal Script.html
494,"Happy Birthday, Wanda June","/Movie Scripts/Happy Birthday, Wanda June Script.html"
495,Happy Feet,/Movie Scripts/Happy Feet Script.html
496,Hard Rain,/Movie Scripts/Hard Rain Script.html
497,Hard to Kill,/Movie Scripts/Hard to Kill Script.html
498,Harold and Kumar Go to White Castle,/Movie Scripts/Harold and Kumar Go to White Castle Script.html
499,Harry Potter and the Chamber of Secrets,/Movie Scripts/Harry Potter and the Chamber of Secrets Script.html
500,Harry Potter and the Deathly Hallows Part 1,/Movie Scripts/Harry Potter and the Deathly Hallows Part 1 Script.html
501,Harry Potter and the Goblet of Fire,/Movie Scripts/Harry Potter and the Goblet of Fire Script.html
502,Harry Potter and the Half-Blood Prince,/Movie Scripts/Harry Potter and the Half-Blood Prince Script.html
503,Harry Potter and the Prisoner of Azkaban,/Movie Scripts/Harry Potter and the Prisoner of Azkaban Script.html
504,Harry Potter and the Sorcerer's Stone,/Movie Scripts/Harry Potter and the Sorcerer's Stone Script.html
505,"Haunting, The","/Movie Scripts/Haunting, The Script.html"
506,He's Just Not That Into You,/Movie Scripts/He's Just Not That Into You Script.html
507,Heat,/Movie Scripts/Heat Script.html
508,Heathers,/Movie Scripts/Heathers Script.html
509,Heavenly Creatures,/Movie Scripts/Heavenly Creatures Script.html
510,Heavy Metal,/Movie Scripts/Heavy Metal Script.html
511,"Hebrew Hammer, The","/Movie Scripts/Hebrew Hammer, The Script.html"
512,Heist,/Movie Scripts/Heist Script.html
513,Hellbound: Hellraiser II,/Movie Scripts/Hellbound: Hellraiser II Script.html
514,Hellboy,/Movie Scripts/Hellboy Script.html
515,Hellboy 2: The Golden Army,/Movie Scripts/Hellboy 2: The Golden Army Script.html
516,Hellraiser,/Movie Scripts/Hellraiser Script.html
517,Hellraiser 3: Hell on Earth,/Movie Scripts/Hellraiser 3: Hell on Earth Script.html
518,Hellraiser: Deader,/Movie Scripts/Hellraiser: Deader Script.html
519,Hellraiser: Hellseeker,/Movie Scripts/Hellraiser: Hellseeker Script.html
520,"Help, The","/Movie Scripts/Help, The Script.html"
521,Henry Fool,/Movie Scripts/Henry Fool Script.html
522,Henry's Crime,/Movie Scripts/Henry's Crime Script.html
523,Her,/Movie Scripts/Her Script.html
524,Hesher,/Movie Scripts/Hesher Script.html
525,High Fidelity,/Movie Scripts/High Fidelity Script.html
526,Highlander,/Movie Scripts/Highlander Script.html
527,Highlander: Endgame,/Movie Scripts/Highlander: Endgame Script.html
528,"Hills Have Eyes, The","/Movie Scripts/Hills Have Eyes, The Script.html"
529,His Girl Friday,/Movie Scripts/His Girl Friday Script.html
530,Hitchcock,/Movie Scripts/Hitchcock Script.html
531,"Hitchhiker's Guide to the Galaxy, The","/Movie Scripts/Hitchhiker's Guide to the Galaxy, The Script.html"
532,Hollow Man,/Movie Scripts/Hollow Man Script.html
533,Honeydripper,/Movie Scripts/Honeydripper Script.html
534,Horrible Bosses,/Movie Scripts/Horrible Bosses Script.html
535,"Horse Whisperer, The","/Movie Scripts/Horse Whisperer, The Script.html"
536,"Hospital, The","/Movie Scripts/Hospital, The Script.html"
537,Hostage,/Movie Scripts/Hostage Script.html
538,Hot Tub Time Machine,/Movie Scripts/Hot Tub Time Machine Script.html
539,Hotel Rwanda,/Movie Scripts/Hotel Rwanda Script.html
540,House of 1000 Corpses,/Movie Scripts/House of 1000 Corpses Script.html
541,How to Lose Friends & Alienate People,/Movie Scripts/How to Lose Friends & Alienate People Script.html
542,How to Train Your Dragon,/Movie Scripts/How to Train Your Dragon Script.html
543,How to Train Your Dragon 2,/Movie Scripts/How to Train Your Dragon 2 Script.html
544,Hudson Hawk,/Movie Scripts/Hudson Hawk Script.html
545,"Hudsucker Proxy, The","/Movie Scripts/Hudsucker Proxy, The Script.html"
546,Human Nature,/Movie Scripts/Human Nature Script.html
547,"Hunt for Red October, The","/Movie Scripts/Hunt for Red October, The Script.html"
548,I Am Number Four,/Movie Scripts/I Am Number Four Script.html
549,I am Sam,/Movie Scripts/I am Sam Script.html
550,I Love You Phillip Morris,/Movie Scripts/I Love You Phillip Morris Script.html
551,I Spit on Your Grave,/Movie Scripts/I Spit on Your Grave Script.html
552,I Still Know What You Did Last Summer,/Movie Scripts/I Still Know What You Did Last Summer Script.html
553,I'll Do Anything,/Movie Scripts/I'll Do Anything Script.html
554,"I, Robot","/Movie Scripts/I, Robot Script.html"
555,"Ice Storm, The","/Movie Scripts/Ice Storm, The Script.html"
556,"Ides of March, The","/Movie Scripts/Ides of March, The Script.html"
557,"Imaginarium of Doctor Parnassus, The","/Movie Scripts/Imaginarium of Doctor Parnassus, The Script.html"
558,In the Bedroom,/Movie Scripts/In the Bedroom Script.html
559,In the Loop,/Movie Scripts/In the Loop Script.html
560,Inception,/Movie Scripts/Inception Script.html
561,"Incredibles, The","/Movie Scripts/Incredibles, The Script.html"
562,Independence Day,/Movie Scripts/Independence Day Script.html
563,Indiana Jones and the Last Crusade,/Movie Scripts/Indiana Jones and the Last Crusade Script.html
564,Indiana Jones and the Raiders of the Lost Ark,/Movie Scripts/Indiana Jones and the Raiders of the Lost Ark Script.html
565,Indiana Jones and the Temple of Doom,/Movie Scripts/Indiana Jones and the Temple of Doom Script.html
566,Indiana Jones IV,/Movie Scripts/Indiana Jones IV Script.html
567,"Informant, The","/Movie Scripts/Informant, The Script.html"
568,Inglourious Basterds,/Movie Scripts/Inglourious Basterds Script.html
569,Innerspace,/Movie Scripts/Innerspace Script.html
570,"Insider, The","/Movie Scripts/Insider, The Script.html"
571,Insidious,/Movie Scripts/Insidious Script.html
572,Insomnia,/Movie Scripts/Insomnia Script.html
573,Interstellar,/Movie Scripts/Interstellar Script.html
574,Interview with the Vampire,/Movie Scripts/Interview with the Vampire Script.html
575,Into the Wild,/Movie Scripts/Into the Wild Script.html
576,Into the Woods,/Movie Scripts/Into the Woods Script.html
577,Intolerable Cruelty,/Movie Scripts/Intolerable Cruelty Script.html
578,Inventing the Abbotts,/Movie Scripts/Inventing the Abbotts Script.html
579,"Invention of Lying, The","/Movie Scripts/Invention of Lying, The Script.html"
580,Invictus,/Movie Scripts/Invictus Script.html
581,"Iron Lady, The","/Movie Scripts/Iron Lady, The Script.html"
582,"Island, The","/Movie Scripts/Island, The Script.html"
583,It Happened One Night,/Movie Scripts/It Happened One Night Script.html
584,It Happened One Night,/Movie Scripts/It Happened One Night Script.html
585,It's a Wonderful Life,/Movie Scripts/It's a Wonderful Life Script.html
586,It's Complicated,/Movie Scripts/It's Complicated Script.html
587,"Italian Job, The","/Movie Scripts/Italian Job, The Script.html"
588,"Jacket, The","/Movie Scripts/Jacket, The Script.html"
589,Jackie Brown,/Movie Scripts/Jackie Brown Script.html
590,Jacob's Ladder,/Movie Scripts/Jacob's Ladder Script.html
591,Jade,/Movie Scripts/Jade Script.html
592,Jane Eyre,/Movie Scripts/Jane Eyre Script.html
593,Jason X,/Movie Scripts/Jason X Script.html
594,Jaws,/Movie Scripts/Jaws Script.html
595,Jaws 2,/Movie Scripts/Jaws 2 Script.html
596,Jay and Silent Bob Strike Back,/Movie Scripts/Jay and Silent Bob Strike Back Script.html
597,Jennifer Eight,/Movie Scripts/Jennifer Eight Script.html
598,Jennifer's Body,/Movie Scripts/Jennifer's Body Script.html
599,Jerry Maguire,/Movie Scripts/Jerry Maguire Script.html
600,Jeux Interdits,/Movie Scripts/Jeux Interdits Script.html
601,JFK,/Movie Scripts/JFK Script.html
602,Jimmy and Judy,/Movie Scripts/Jimmy and Judy Script.html
603,John Q,/Movie Scripts/John Q Script.html
604,Judge Dredd,/Movie Scripts/Judge Dredd Script.html
605,Juno,/Movie Scripts/Juno Script.html
606,Jurassic Park,/Movie Scripts/Jurassic Park Script.html
607,Jurassic Park III,/Movie Scripts/Jurassic Park III Script.html
608,Jurassic Park: The Lost World,/Movie Scripts/Jurassic Park: The Lost World Script.html
609,Kafka,/Movie Scripts/Kafka Script.html
610,Kalifornia,/Movie Scripts/Kalifornia Script.html
611,Kate & Leopold,/Movie Scripts/Kate & Leopold Script.html
612,Kids,/Movie Scripts/Kids Script.html
613,"Kids Are All Right, The","/Movie Scripts/Kids Are All Right, The Script.html"
614,Kill Bill Volume 1 & 2,/Movie Scripts/Kill Bill Volume 1 & 2 Script.html
615,Kill Your Darlings,/Movie Scripts/Kill Your Darlings Script.html
616,Killing Zoe,/Movie Scripts/Killing Zoe Script.html
617,King Kong,/Movie Scripts/King Kong Script.html
618,"King of Comedy, The","/Movie Scripts/King of Comedy, The Script.html"
619,"King's Speech, The","/Movie Scripts/King's Speech, The Script.html"
620,"Kingdom, The","/Movie Scripts/Kingdom, The Script.html"
621,Kiss of the Spider Woman,/Movie Scripts/Kiss of the Spider Woman Script.html
622,Klute,/Movie Scripts/Klute Script.html
623,Knocked Up,/Movie Scripts/Knocked Up Script.html
624,Kramer vs Kramer,/Movie Scripts/Kramer vs Kramer Script.html
625,Kundun,/Movie Scripts/Kundun Script.html
626,Kung Fu Panda,/Movie Scripts/Kung Fu Panda Script.html
627,L.A. Confidential,/Movie Scripts/L.A. Confidential Script.html
628,La La Land,/Movie Scripts/La La Land Script.html
629,Labor of Love,/Movie Scripts/Labor of Love Script.html
630,Labyrinth,/Movie Scripts/Labyrinth Script.html
631,"Ladykillers, The","/Movie Scripts/Ladykillers, The Script.html"
632,Lake Placid,/Movie Scripts/Lake Placid Script.html
633,Land of the Dead,/Movie Scripts/Land of the Dead Script.html
634,Larry Crowne,/Movie Scripts/Larry Crowne Script.html
635,"Last Boy Scout, The","/Movie Scripts/Last Boy Scout, The Script.html"
636,Last Chance Harvey,/Movie Scripts/Last Chance Harvey Script.html
637,"Last Flight, The","/Movie Scripts/Last Flight, The Script.html"
638,"Last of the Mohicans, The","/Movie Scripts/Last of the Mohicans, The Script.html"
639,"Last Samurai, The","/Movie Scripts/Last Samurai, The Script.html"
640,"Last Station, The","/Movie Scripts/Last Station, The Script.html"
641,Last Tango in Paris,/Movie Scripts/Last Tango in Paris Script.html
642,Law Abiding Citizen,/Movie Scripts/Law Abiding Citizen Script.html
643,Le Diable par la Queue,/Movie Scripts/Le Diable par la Queue Script.html
644,Leaving Las Vegas,/Movie Scripts/Leaving Las Vegas Script.html
645,Legally Blonde,/Movie Scripts/Legally Blonde Script.html
646,Legend,/Movie Scripts/Legend Script.html
647,Legion,/Movie Scripts/Legion Script.html
648,Les Miserables,/Movie Scripts/Les Miserables Script.html
649,Les Tontons Flingueurs,/Movie Scripts/Les Tontons Flingueurs Script.html
650,Lethal Weapon,/Movie Scripts/Lethal Weapon Script.html
651,Lethal Weapon 4,/Movie Scripts/Lethal Weapon 4 Script.html
652,Leviathan,/Movie Scripts/Leviathan Script.html
653,Liar Liar,/Movie Scripts/Liar Liar Script.html
654,Life,/Movie Scripts/Life Script.html
655,Life As A House,/Movie Scripts/Life As A House Script.html
656,"Life of David Gale, The","/Movie Scripts/Life of David Gale, The Script.html"
657,Life of Pi,/Movie Scripts/Life of Pi Script.html
658,Light Sleeper,/Movie Scripts/Light Sleeper Script.html
659,"Limey, The","/Movie Scripts/Limey, The Script.html"
660,Limitless,/Movie Scripts/Limitless Script.html
661,Lincoln,/Movie Scripts/Lincoln Script.html
662,"Lincoln Lawyer, The","/Movie Scripts/Lincoln Lawyer, The Script.html"
663,"Lion King, The","/Movie Scripts/Lion King, The Script.html"
664,Little Athens,/Movie Scripts/Little Athens Script.html
665,"Little Mermaid, The","/Movie Scripts/Little Mermaid, The Script.html"
666,Little Nicky,/Movie Scripts/Little Nicky Script.html
667,Living in Oblivion,/Movie Scripts/Living in Oblivion Script.html
668,"Lock, Stock and Two Smoking Barrels","/Movie Scripts/Lock, Stock and Two Smoking Barrels Script.html"
669,Logan's Run,/Movie Scripts/Logan's Run Script.html
670,Lone Star,/Movie Scripts/Lone Star Script.html
671,"Long Kiss Goodnight, The","/Movie Scripts/Long Kiss Goodnight, The Script.html"
672,Looper,/Movie Scripts/Looper Script.html
673,Lord of Illusions,/Movie Scripts/Lord of Illusions Script.html
674,"Lord of the Rings: Fellowship of the Ring, The","/Movie Scripts/Lord of the Rings: Fellowship of the Ring, The Script.html"
675,Lord of the Rings: Return of the King,/Movie Scripts/Lord of the Rings: Return of the King Script.html
676,Lord of the Rings: The Two Towers,/Movie Scripts/Lord of the Rings: The Two Towers Script.html
677,Lord of War,/Movie Scripts/Lord of War Script.html
678,"Losers, The","/Movie Scripts/Losers, The Script.html"
679,Lost Highway,/Movie Scripts/Lost Highway Script.html
680,Lost Horizon,/Movie Scripts/Lost Horizon Script.html
681,Lost in Space,/Movie Scripts/Lost in Space Script.html
682,Lost in Translation,/Movie Scripts/Lost in Translation Script.html
683,Love and Basketball,/Movie Scripts/Love and Basketball Script.html
684,Machete,/Movie Scripts/Machete Script.html
685,Machine Gun Preacher,/Movie Scripts/Machine Gun Preacher Script.html
686,Mad Max 2: The Road Warrior,/Movie Scripts/Mad Max 2: The Road Warrior Script.html
687,Made,/Movie Scripts/Made Script.html
688,Magnolia,/Movie Scripts/Magnolia Script.html
689,"Majestic, The (The Bijou)","/Movie Scripts/Majestic, The (The Bijou) Script.html"
690,Major League,/Movie Scripts/Major League Script.html
691,Malcolm X,/Movie Scripts/Malcolm X Script.html
692,Malibu's Most Wanted,/Movie Scripts/Malibu's Most Wanted Script.html
693,Man in the Iron Mask,/Movie Scripts/Man in the Iron Mask Script.html
694,Man On Fire,/Movie Scripts/Man On Fire Script.html
695,Man on the Moon,/Movie Scripts/Man on the Moon Script.html
696,Man Trouble,/Movie Scripts/Man Trouble Script.html
697,"Man Who Knew Too Much, The","/Movie Scripts/Man Who Knew Too Much, The Script.html"
698,"Man Who Wasn't There, The","/Movie Scripts/Man Who Wasn't There, The Script.html"
699,"Manchurian Candidate, The","/Movie Scripts/Manchurian Candidate, The Script.html"
700,Manhattan Murder Mystery,/Movie Scripts/Manhattan Murder Mystery Script.html
701,Manhunter,/Movie Scripts/Manhunter Script.html
702,Margaret,/Movie Scripts/Margaret Script.html
703,Margin Call,/Movie Scripts/Margin Call Script.html
704,Margot at the Wedding,/Movie Scripts/Margot at the Wedding Script.html
705,"Mariachi, El","/Movie Scripts/Mariachi, El Script.html"
706,Marley & Me,/Movie Scripts/Marley & Me Script.html
707,Martha Marcy May Marlene,/Movie Scripts/Martha Marcy May Marlene Script.html
708,Marty,/Movie Scripts/Marty Script.html
709,Mary Poppins,/Movie Scripts/Mary Poppins Script.html
710,"Mask, The","/Movie Scripts/Mask, The Script.html"
711,Master and Commander,/Movie Scripts/Master and Commander Script.html
712,"Master, The","/Movie Scripts/Master, The Script.html"
713,Matchstick Men,/Movie Scripts/Matchstick Men Script.html
714,"Matrix Reloaded, The","/Movie Scripts/Matrix Reloaded, The Script.html"
715,"Matrix, The","/Movie Scripts/Matrix, The Script.html"
716,Max Payne,/Movie Scripts/Max Payne Script.html
717,Mean Streets,/Movie Scripts/Mean Streets Script.html
718,"Mechanic, The","/Movie Scripts/Mechanic, The Script.html"
719,Meet Joe Black,/Movie Scripts/Meet Joe Black Script.html
720,Meet John Doe,/Movie Scripts/Meet John Doe Script.html
721,Megamind,/Movie Scripts/Megamind Script.html
722,Memento,/Movie Scripts/Memento Script.html
723,Men in Black,/Movie Scripts/Men in Black Script.html
724,Men in Black 3,/Movie Scripts/Men in Black 3 Script.html
725,"Men Who Stare at Goats, The","/Movie Scripts/Men Who Stare at Goats, The Script.html"
726,Metro,/Movie Scripts/Metro Script.html
727,Miami Vice,/Movie Scripts/Miami Vice Script.html
728,Midnight Cowboy,/Movie Scripts/Midnight Cowboy Script.html
729,Midnight Express,/Movie Scripts/Midnight Express Script.html
730,Midnight in Paris,/Movie Scripts/Midnight in Paris Script.html
731,Mighty Morphin Power Rangers: The Movie,/Movie Scripts/Mighty Morphin Power Rangers: The Movie Script.html
732,Milk,/Movie Scripts/Milk Script.html
733,Miller's Crossing,/Movie Scripts/Miller's Crossing Script.html
734,Mimic,/Movie Scripts/Mimic Script.html
735,Mini's First Time,/Movie Scripts/Mini's First Time Script.html
736,Minority Report,/Movie Scripts/Minority Report Script.html
737,"Miracle Worker, The","/Movie Scripts/Miracle Worker, The Script.html"
738,Mirrors,/Movie Scripts/Mirrors Script.html
739,Misery,/Movie Scripts/Misery Script.html
740,Mission Impossible,/Movie Scripts/Mission Impossible Script.html
741,Mission Impossible II,/Movie Scripts/Mission Impossible II Script.html
742,Mission to Mars,/Movie Scripts/Mission to Mars Script.html
743,Moneyball,/Movie Scripts/Moneyball Script.html
744,Monkeybone,/Movie Scripts/Monkeybone Script.html
745,Monster's Ball,/Movie Scripts/Monster's Ball Script.html
746,Monte Carlo,/Movie Scripts/Monte Carlo Script.html
747,Moon,/Movie Scripts/Moon Script.html
748,Moonrise Kingdom,/Movie Scripts/Moonrise Kingdom Script.html
749,Moonstruck,/Movie Scripts/Moonstruck Script.html
750,Mr Blandings Builds His Dream House,/Movie Scripts/Mr Blandings Builds His Dream House Script.html
751,Mr Brooks,/Movie Scripts/Mr Brooks Script.html
752,Mr Deeds Goes to Town,/Movie Scripts/Mr Deeds Goes to Town Script.html
753,Mr. Holland's Opus,/Movie Scripts/Mr. Holland's Opus Script.html
754,Mrs. Brown,/Movie Scripts/Mrs. Brown Script.html
755,Mud,/Movie Scripts/Mud Script.html
756,Mulan,/Movie Scripts/Mulan Script.html
757,Mulholland Drive,/Movie Scripts/Mulholland Drive Script.html
758,Mumford,/Movie Scripts/Mumford Script.html
759,"Mummy, The","/Movie Scripts/Mummy, The Script.html"
760,Music of the Heart,/Movie Scripts/Music of the Heart Script.html
761,Mute Witness,/Movie Scripts/Mute Witness Script.html
762,My Best Friend's Wedding,/Movie Scripts/My Best Friend's Wedding Script.html
763,My Girl,/Movie Scripts/My Girl Script.html
764,My Mother Dreams the Satan's Disciples in New York,/Movie Scripts/My Mother Dreams the Satan's Disciples in New York Script.html
765,My Week with Marilyn,/Movie Scripts/My Week with Marilyn Script.html
766,Mystery Men,/Movie Scripts/Mystery Men Script.html
767,Napoleon Dynamite,/Movie Scripts/Napoleon Dynamite Script.html
768,Nashville,/Movie Scripts/Nashville Script.html
769,Natural Born Killers,/Movie Scripts/Natural Born Killers Script.html
770,Never Been Kissed,/Movie Scripts/Never Been Kissed Script.html
771,"Neverending Story, The","/Movie Scripts/Neverending Story, The Script.html"
772,New York Minute,/Movie Scripts/New York Minute Script.html
773,Newsies,/Movie Scripts/Newsies Script.html
774,Next,/Movie Scripts/Next Script.html
775,Next Friday,/Movie Scripts/Next Friday Script.html
776,"Next Three Days, The","/Movie Scripts/Next Three Days, The Script.html"
777,Ni vu ni connu,/Movie Scripts/Ni vu ni connu Script.html
778,Nick of Time,/Movie Scripts/Nick of Time Script.html
779,Night Time (The Poltergeist Treatment),/Movie Scripts/Night Time (The Poltergeist Treatment) Script.html
780,Nightbreed,/Movie Scripts/Nightbreed Script.html
781,"Nightmare Before Christmas, The","/Movie Scripts/Nightmare Before Christmas, The Script.html"
782,"Nightmare Before Christmas, The","/Movie Scripts/Nightmare Before Christmas, The Script.html"
783,"Nightmare on Elm Street, A","/Movie Scripts/Nightmare on Elm Street, A Script.html"
784,Nightmare on Elm Street: The Final Chapter,/Movie Scripts/Nightmare on Elm Street: The Final Chapter Script.html
785,Nine,/Movie Scripts/Nine Script.html
786,"Nines, The","/Movie Scripts/Nines, The Script.html"
787,Ninja Assassin,/Movie Scripts/Ninja Assassin Script.html
788,Ninotchka,/Movie Scripts/Ninotchka Script.html
789,"Ninth Gate, The","/Movie Scripts/Ninth Gate, The Script.html"
790,No Country for Old Men,/Movie Scripts/No Country for Old Men Script.html
791,No Strings Attached,/Movie Scripts/No Strings Attached Script.html
792,Notting Hill,/Movie Scripts/Notting Hill Script.html
793,Nurse Betty,/Movie Scripts/Nurse Betty Script.html
794,O Brother Where Art Thou?,/Movie Scripts/O Brother Where Art Thou? Script.html
795,Oblivion,/Movie Scripts/Oblivion Script.html
796,Observe and Report,/Movie Scripts/Observe and Report Script.html
797,Obsessed,/Movie Scripts/Obsessed Script.html
798,Ocean's Eleven,/Movie Scripts/Ocean's Eleven Script.html
799,Ocean's Twelve,/Movie Scripts/Ocean's Twelve Script.html
800,Office Space,/Movie Scripts/Office Space Script.html
801,"Officer and a Gentleman, An","/Movie Scripts/Officer and a Gentleman, An Script.html"
802,Omega Man,/Movie Scripts/Omega Man Script.html
803,One Flew Over the Cuckoo's Nest,/Movie Scripts/One Flew Over the Cuckoo's Nest Script.html
804,Only God Forgives,/Movie Scripts/Only God Forgives Script.html
805,Ordinary People,/Movie Scripts/Ordinary People Script.html
806,Orgy of the Dead,/Movie Scripts/Orgy of the Dead Script.html
807,Orphan,/Movie Scripts/Orphan Script.html
808,"Other Boleyn Girl, The","/Movie Scripts/Other Boleyn Girl, The Script.html"
809,Out of Sight,/Movie Scripts/Out of Sight Script.html
810,Outbreak,/Movie Scripts/Outbreak Script.html
811,"Pacifier, The","/Movie Scripts/Pacifier, The Script.html"
812,Pandorum,/Movie Scripts/Pandorum Script.html
813,Panic Room,/Movie Scripts/Panic Room Script.html
814,Papadopoulos & Sons,/Movie Scripts/Papadopoulos & Sons Script.html
815,ParaNorman,/Movie Scripts/ParaNorman Script.html
816,Pariah,/Movie Scripts/Pariah Script.html
817,"Passion of Joan of Arc, The","/Movie Scripts/Passion of Joan of Arc, The Script.html"
818,"Patriot, The","/Movie Scripts/Patriot, The Script.html"
819,Paul,/Movie Scripts/Paul Script.html
820,Pearl Harbor,/Movie Scripts/Pearl Harbor Script.html
821,Peeping Tom,/Movie Scripts/Peeping Tom Script.html
822,Peggy Sue Got Married,/Movie Scripts/Peggy Sue Got Married Script.html
823,Perfect Creature,/Movie Scripts/Perfect Creature Script.html
824,"Perfect World, A","/Movie Scripts/Perfect World, A Script.html"
825,"Perks of Being a Wallflower, The","/Movie Scripts/Perks of Being a Wallflower, The Script.html"
826,Pet Sematary,/Movie Scripts/Pet Sematary Script.html
827,Pet Sematary II,/Movie Scripts/Pet Sematary II Script.html
828,Petulia,/Movie Scripts/Petulia Script.html
829,Philadelphia,/Movie Scripts/Philadelphia Script.html
830,Phone Booth,/Movie Scripts/Phone Booth Script.html
831,Pi,/Movie Scripts/Pi Script.html
832,"Pianist, The","/Movie Scripts/Pianist, The Script.html"
833,"Piano, The","/Movie Scripts/Piano, The Script.html"
834,Pineapple Express,/Movie Scripts/Pineapple Express Script.html
835,Pirates of the Caribbean,/Movie Scripts/Pirates of the Caribbean Script.html
836,Pirates of the Caribbean: Dead Man's Chest,/Movie Scripts/Pirates of the Caribbean: Dead Man's Chest Script.html
837,Pitch Black,/Movie Scripts/Pitch Black Script.html
838,"Planet of the Apes, The","/Movie Scripts/Planet of the Apes, The Script.html"
839,Platinum Blonde,/Movie Scripts/Platinum Blonde Script.html
840,Platoon,/Movie Scripts/Platoon Script.html
841,Pleasantville,/Movie Scripts/Pleasantville Script.html
842,Point Break,/Movie Scripts/Point Break Script.html
843,Pokemon: Mewtwo Returns,/Movie Scripts/Pokemon: Mewtwo Returns Script.html
844,"Postman, The","/Movie Scripts/Postman, The Script.html"
845,"Power of One, The","/Movie Scripts/Power of One, The Script.html"
846,Precious,/Movie Scripts/Precious Script.html
847,Predator,/Movie Scripts/Predator Script.html
848,Pretty Woman,/Movie Scripts/Pretty Woman Script.html
849,Pretty Woman (final script),/Movie Scripts/Pretty Woman (final script) Script.html
850,Pride and Prejudice,/Movie Scripts/Pride and Prejudice Script.html
851,Priest,/Movie Scripts/Priest Script.html
852,"Princess Bride, The","/Movie Scripts/Princess Bride, The Script.html"
853,"Private Life of Sherlock Holmes, The","/Movie Scripts/Private Life of Sherlock Holmes, The Script.html"
854,"Producer, The","/Movie Scripts/Producer, The Script.html"
855,"Program, The","/Movie Scripts/Program, The Script.html"
856,Prom Night,/Movie Scripts/Prom Night Script.html
857,Prometheus,/Movie Scripts/Prometheus Script.html
858,"Prophecy, The","/Movie Scripts/Prophecy, The Script.html"
859,"Proposal, The","/Movie Scripts/Proposal, The Script.html"
860,Psycho,/Movie Scripts/Psycho Script.html
861,Public Enemies,/Movie Scripts/Public Enemies Script.html
862,Pulp Fiction,/Movie Scripts/Pulp Fiction Script.html
863,Punch-Drunk Love,/Movie Scripts/Punch-Drunk Love Script.html
864,Purple Rain,/Movie Scripts/Purple Rain Script.html
865,Quantum Project,/Movie Scripts/Quantum Project Script.html
866,Queen of the Damned,/Movie Scripts/Queen of the Damned Script.html
867,"Queen, The","/Movie Scripts/Queen, The Script.html"
868,Rachel Getting Married,/Movie Scripts/Rachel Getting Married Script.html
869,Raging Bull,/Movie Scripts/Raging Bull Script.html
870,Raising Arizona,/Movie Scripts/Raising Arizona Script.html
871,Rambling Rose,/Movie Scripts/Rambling Rose Script.html
872,Rambo: First Blood II: The Mission,/Movie Scripts/Rambo: First Blood II: The Mission Script.html
873,"Reader, The","/Movie Scripts/Reader, The Script.html"
874,Real Genius,/Movie Scripts/Real Genius Script.html
875,Rear Window,/Movie Scripts/Rear Window Script.html
876,Rebel Without A Cause,/Movie Scripts/Rebel Without A Cause Script.html
877,Red Planet,/Movie Scripts/Red Planet Script.html
878,Red Riding Hood,/Movie Scripts/Red Riding Hood Script.html
879,Reindeer Games,/Movie Scripts/Reindeer Games Script.html
880,"Relic, The","/Movie Scripts/Relic, The Script.html"
881,Remember Me,/Movie Scripts/Remember Me Script.html
882,"Replacements, The","/Movie Scripts/Replacements, The Script.html"
883,Repo Man,/Movie Scripts/Repo Man Script.html
884,"Rescuers Down Under, The","/Movie Scripts/Rescuers Down Under, The Script.html"
885,Reservoir Dogs,/Movie Scripts/Reservoir Dogs Script.html
886,Resident Evil,/Movie Scripts/Resident Evil Script.html
887,Return of the Apes,/Movie Scripts/Return of the Apes Script.html
888,"Revenant, The","/Movie Scripts/Revenant, The Script.html"
889,Revolutionary Road,/Movie Scripts/Revolutionary Road Script.html
890,Ringu,/Movie Scripts/Ringu Script.html
891,Rise of the Guardians,/Movie Scripts/Rise of the Guardians Script.html
892,Rise of the Planet of the Apes,/Movie Scripts/Rise of the Planet of the Apes Script.html
893,RKO 281,/Movie Scripts/RKO 281 Script.html
894,"Road, The","/Movie Scripts/Road, The Script.html"
895,Robin Hood: Prince of Thieves,/Movie Scripts/Robin Hood: Prince of Thieves Script.html
896,Robocop,/Movie Scripts/Robocop Script.html
897,"Rock, The","/Movie Scripts/Rock, The Script.html"
898,RocknRolla,/Movie Scripts/RocknRolla Script.html
899,Rocky,/Movie Scripts/Rocky Script.html
900,"Rocky Horror Picture Show, The","/Movie Scripts/Rocky Horror Picture Show, The Script.html"
901,Romeo & Juliet,/Movie Scripts/Romeo & Juliet Script.html
902,Ronin,/Movie Scripts/Ronin Script.html
903,Room,/Movie Scripts/Room Script.html
904,"Roommate, The","/Movie Scripts/Roommate, The Script.html"
905,Roughshod,/Movie Scripts/Roughshod Script.html
906,"Ruins, The","/Movie Scripts/Ruins, The Script.html"
907,Runaway Bride,/Movie Scripts/Runaway Bride Script.html
908,Rush,/Movie Scripts/Rush Script.html
909,Rush Hour,/Movie Scripts/Rush Hour Script.html
910,Rush Hour 2,/Movie Scripts/Rush Hour 2 Script.html
911,Rushmore,/Movie Scripts/Rushmore Script.html
912,Rust and Bone,/Movie Scripts/Rust and Bone Script.html
913,S. Darko,/Movie Scripts/S. Darko Script.html
914,"Saint, The","/Movie Scripts/Saint, The Script.html"
915,"Salton Sea, The","/Movie Scripts/Salton Sea, The Script.html"
916,"Sandlot Kids, The","/Movie Scripts/Sandlot Kids, The Script.html"
917,Save the Last Dance,/Movie Scripts/Save the Last Dance Script.html
918,Saving Mr. Banks,/Movie Scripts/Saving Mr. Banks Script.html
919,Saving Private Ryan,/Movie Scripts/Saving Private Ryan Script.html
920,Saw,/Movie Scripts/Saw Script.html
921,Scarface,/Movie Scripts/Scarface Script.html
922,Scary Movie 2,/Movie Scripts/Scary Movie 2 Script.html
923,Schindler's List,/Movie Scripts/Schindler's List Script.html
924,Scott Pilgrim vs the World,/Movie Scripts/Scott Pilgrim vs the World Script.html
925,Scream,/Movie Scripts/Scream Script.html
926,Scream 2,/Movie Scripts/Scream 2 Script.html
927,Scream 3,/Movie Scripts/Scream 3 Script.html
928,Se7en,/Movie Scripts/Se7en Script.html
929,"Searchers, The","/Movie Scripts/Searchers, The Script.html"
930,Semi-Pro,/Movie Scripts/Semi-Pro Script.html
931,Sense and Sensibility,/Movie Scripts/Sense and Sensibility Script.html
932,Serenity,/Movie Scripts/Serenity Script.html
933,Serial Mom,/Movie Scripts/Serial Mom Script.html
934,"Sessions, The","/Movie Scripts/Sessions, The Script.html"
935,"Seventh Seal, The","/Movie Scripts/Seventh Seal, The Script.html"
936,Sex and the City,/Movie Scripts/Sex and the City Script.html
937,"Sex, Lies and Videotape","/Movie Scripts/Sex, Lies and Videotape Script.html"
938,Sexual Life,/Movie Scripts/Sexual Life Script.html
939,Shadow of the Vampire,/Movie Scripts/Shadow of the Vampire Script.html
940,Shakespeare in Love,/Movie Scripts/Shakespeare in Love Script.html
941,Shallow Grave,/Movie Scripts/Shallow Grave Script.html
942,Shame,/Movie Scripts/Shame Script.html
943,Shampoo,/Movie Scripts/Shampoo Script.html
944,"Shawshank Redemption, The","/Movie Scripts/Shawshank Redemption, The Script.html"
945,She's Out of My League,/Movie Scripts/She's Out of My League Script.html
946,Sherlock Holmes,/Movie Scripts/Sherlock Holmes Script.html
947,Shifty,/Movie Scripts/Shifty Script.html
948,"Shining, The","/Movie Scripts/Shining, The Script.html"
949,"Shipping News, The","/Movie Scripts/Shipping News, The Script.html"
950,Shivers,/Movie Scripts/Shivers Script.html
951,Shrek,/Movie Scripts/Shrek Script.html
952,Shrek the Third,/Movie Scripts/Shrek the Third Script.html
953,Sideways,/Movie Scripts/Sideways Script.html
954,"Siege, The","/Movie Scripts/Siege, The Script.html"
955,Signs,/Movie Scripts/Signs Script.html
956,Silence of the Lambs,/Movie Scripts/Silence of the Lambs Script.html
957,Silver Bullet,/Movie Scripts/Silver Bullet Script.html
958,Silver Linings Playbook,/Movie Scripts/Silver Linings Playbook Script.html
959,Simone,/Movie Scripts/Simone Script.html
960,Single White Female,/Movie Scripts/Single White Female Script.html
961,Sister Act,/Movie Scripts/Sister Act Script.html
962,Six Degrees of Separation,/Movie Scripts/Six Degrees of Separation Script.html
963,"Sixth Sense, The","/Movie Scripts/Sixth Sense, The Script.html"
964,Sleepless in Seattle,/Movie Scripts/Sleepless in Seattle Script.html
965,Sleepy Hollow,/Movie Scripts/Sleepy Hollow Script.html
966,Sling Blade,/Movie Scripts/Sling Blade Script.html
967,Slither,/Movie Scripts/Slither Script.html
968,Slumdog Millionaire,/Movie Scripts/Slumdog Millionaire Script.html
969,Smashed,/Movie Scripts/Smashed Script.html
970,Smokin' Aces,/Movie Scripts/Smokin' Aces Script.html
971,Snatch,/Movie Scripts/Snatch Script.html
972,Sneakers,/Movie Scripts/Sneakers Script.html
973,Snow Falling On Cedars,/Movie Scripts/Snow Falling On Cedars Script.html
974,Snow White and the Huntsman,/Movie Scripts/Snow White and the Huntsman Script.html
975,So I Married an Axe Murderer,/Movie Scripts/So I Married an Axe Murderer Script.html
976,"Social Network, The","/Movie Scripts/Social Network, The Script.html"
977,Solaris,/Movie Scripts/Solaris Script.html
978,Soldier,/Movie Scripts/Soldier Script.html
979,Someone To Watch Over Me,/Movie Scripts/Someone To Watch Over Me Script.html
980,Something's Gotta Give,/Movie Scripts/Something's Gotta Give Script.html
981,Source Code,/Movie Scripts/Source Code Script.html
982,South Park,/Movie Scripts/South Park Script.html
983,Spanglish,/Movie Scripts/Spanglish Script.html
984,Spare Me,/Movie Scripts/Spare Me Script.html
985,Spartan,/Movie Scripts/Spartan Script.html
986,Speed,/Movie Scripts/Speed Script.html
987,Speed Racer,/Movie Scripts/Speed Racer Script.html
988,Sphere,/Movie Scripts/Sphere Script.html
989,Spider-Man,/Movie Scripts/Spider-Man Script.html
990,St. Elmo's Fire,/Movie Scripts/St. Elmo's Fire Script.html
991,Star Trek,/Movie Scripts/Star Trek Script.html
992,Star Trek II: The Wrath of Khan,/Movie Scripts/Star Trek II: The Wrath of Khan Script.html
993,Star Trek: First Contact,/Movie Scripts/Star Trek: First Contact Script.html
994,Star Trek: Generations,/Movie Scripts/Star Trek: Generations Script.html
995,Star Trek: Nemesis,/Movie Scripts/Star Trek: Nemesis Script.html
996,Star Trek: The Motion Picture,/Movie Scripts/Star Trek: The Motion Picture Script.html
997,Star Wars: A New Hope,/Movie Scripts/Star Wars: A New Hope Script.html
998,Star Wars: Attack of the Clones,/Movie Scripts/Star Wars: Attack of the Clones Script.html
999,Star Wars: Return of the Jedi,/Movie Scripts/Star Wars: Return of the Jedi Script.html
1000,Star Wars: Revenge of the Sith,/Movie Scripts/Star Wars: Revenge of the Sith Script.html
1001,Star Wars: The Empire Strikes Back,/Movie Scripts/Star Wars: The Empire Strikes Back Script.html
1002,Star Wars: The Force Awakens,/Movie Scripts/Star Wars: The Force Awakens Script.html
1003,Star Wars: The Phantom Menace,/Movie Scripts/Star Wars: The Phantom Menace Script.html
1004,Starman,/Movie Scripts/Starman Script.html
1005,Starship Troopers,/Movie Scripts/Starship Troopers Script.html
1006,State and Main,/Movie Scripts/State and Main Script.html
1007,Station West,/Movie Scripts/Station West Script.html
1008,Stepmom,/Movie Scripts/Stepmom Script.html
1009,"Sting, The","/Movie Scripts/Sting, The Script.html"
1010,Stir of Echoes,/Movie Scripts/Stir of Echoes Script.html
1011,Storytelling,/Movie Scripts/Storytelling Script.html
1012,Strange Days,/Movie Scripts/Strange Days Script.html
1013,Strangers on a Train,/Movie Scripts/Strangers on a Train Script.html
1014,"Stuntman, The","/Movie Scripts/Stuntman, The Script.html"
1015,Sugar,/Movie Scripts/Sugar Script.html
1016,Sugar and Spice,/Movie Scripts/Sugar and Spice Script.html
1017,Sunset Blvd.,/Movie Scripts/Sunset Blvd. Script.html
1018,Sunshine Cleaning,/Movie Scripts/Sunshine Cleaning Script.html
1019,Super 8,/Movie Scripts/Super 8 Script.html
1020,Superbad,/Movie Scripts/Superbad Script.html
1021,Superfights,/Movie Scripts/Superfights Script.html
1022,Supergirl,/Movie Scripts/Supergirl Script.html
1023,"Surfer King, The","/Movie Scripts/Surfer King, The Script.html"
1024,Surrogates,/Movie Scripts/Surrogates Script.html
1025,Suspect Zero,/Movie Scripts/Suspect Zero Script.html
1026,Sweeney Todd: The Demon Barber of Fleet Street,/Movie Scripts/Sweeney Todd: The Demon Barber of Fleet Street Script.html
1027,"Sweet Hereafter, The","/Movie Scripts/Sweet Hereafter, The Script.html"
1028,Sweet Smell of Success,/Movie Scripts/Sweet Smell of Success Script.html
1029,Swingers,/Movie Scripts/Swingers Script.html
1030,Swordfish,/Movie Scripts/Swordfish Script.html
1031,"Synecdoche, New York","/Movie Scripts/Synecdoche, New York Script.html"
1032,Syriana,/Movie Scripts/Syriana Script.html
1033,Take Shelter,/Movie Scripts/Take Shelter Script.html
1034,Taking Lives,/Movie Scripts/Taking Lives Script.html
1035,"Taking of Pelham One Two Three, The","/Movie Scripts/Taking of Pelham One Two Three, The Script.html"
1036,Taking Sides,/Movie Scripts/Taking Sides Script.html
1037,"Talented Mr. Ripley, The","/Movie Scripts/Talented Mr. Ripley, The Script.html"
1038,Tall in the Saddle,/Movie Scripts/Tall in the Saddle Script.html
1039,Tamara Drewe,/Movie Scripts/Tamara Drewe Script.html
1040,Taxi Driver,/Movie Scripts/Taxi Driver Script.html
1041,Ted,/Movie Scripts/Ted Script.html
1042,Terminator,/Movie Scripts/Terminator Script.html
1043,Terminator 2: Judgement Day,/Movie Scripts/Terminator 2: Judgement Day Script.html
1044,Terminator Salvation,/Movie Scripts/Terminator Salvation Script.html
1045,The Rage: Carrie 2,/Movie Scripts/The Rage: Carrie 2 Script.html
1046,Thelma & Louise,/Movie Scripts/Thelma & Louise Script.html
1047,There's Something About Mary,/Movie Scripts/There's Something About Mary Script.html
1048,They,/Movie Scripts/They Script.html
1049,"Thing, The","/Movie Scripts/Thing, The Script.html"
1050,"Things My Father Never Taught Me, The","/Movie Scripts/Things My Father Never Taught Me, The Script.html"
1051,Thirteen Days,/Movie Scripts/Thirteen Days Script.html
1052,This Boy's Life,/Movie Scripts/This Boy's Life Script.html
1053,This is 40,/Movie Scripts/This is 40 Script.html
1054,Thor,/Movie Scripts/Thor Script.html
1055,Three Kings,/Movie Scripts/Three Kings Script.html
1056,Three Kings (Spoils of War),/Movie Scripts/Three Kings (Spoils of War) Script.html
1057,Three Men and a Baby,/Movie Scripts/Three Men and a Baby Script.html
1058,"Three Musketeers, The","/Movie Scripts/Three Musketeers, The Script.html"
1059,Thunderbirds,/Movie Scripts/Thunderbirds Script.html
1060,Thunderheart,/Movie Scripts/Thunderheart Script.html
1061,Ticker,/Movie Scripts/Ticker Script.html
1062,Timber Falls,/Movie Scripts/Timber Falls Script.html
1063,"Time Machine, The","/Movie Scripts/Time Machine, The Script.html"
1064,Tin Cup,/Movie Scripts/Tin Cup Script.html
1065,Tin Men,/Movie Scripts/Tin Men Script.html
1066,Tinker Tailor Soldier Spy,/Movie Scripts/Tinker Tailor Soldier Spy Script.html
1067,Titanic,/Movie Scripts/Titanic Script.html
1068,TMNT,/Movie Scripts/TMNT Script.html
1069,To Sleep with Anger,/Movie Scripts/To Sleep with Anger Script.html
1070,Tombstone,/Movie Scripts/Tombstone Script.html
1071,Tomorrow Never Dies,/Movie Scripts/Tomorrow Never Dies Script.html
1072,Top Gun,/Movie Scripts/Top Gun Script.html
1073,Total Recall,/Movie Scripts/Total Recall Script.html
1074,"Tourist, The","/Movie Scripts/Tourist, The Script.html"
1075,Toy Story,/Movie Scripts/Toy Story Script.html
1076,Traffic,/Movie Scripts/Traffic Script.html
1077,Training Day,/Movie Scripts/Training Day Script.html
1078,Trainspotting,/Movie Scripts/Trainspotting Script.html
1079,Transformers: The Movie,/Movie Scripts/Transformers: The Movie Script.html
1080,Tremors,/Movie Scripts/Tremors Script.html
1081,Tristan and Isolde,/Movie Scripts/Tristan and Isolde Script.html
1082,TRON,/Movie Scripts/TRON Script.html
1083,TRON: Legacy,/Movie Scripts/TRON: Legacy Script.html
1084,Tropic Thunder,/Movie Scripts/Tropic Thunder Script.html
1085,Troy,/Movie Scripts/Troy Script.html
1086,True Grit,/Movie Scripts/True Grit Script.html
1087,True Lies,/Movie Scripts/True Lies Script.html
1088,True Romance,/Movie Scripts/True Romance Script.html
1089,"Truman Show, The","/Movie Scripts/Truman Show, The Script.html"
1090,Twilight,/Movie Scripts/Twilight Script.html
1091,Twilight: New Moon,/Movie Scripts/Twilight: New Moon Script.html
1092,Twin Peaks,/Movie Scripts/Twin Peaks Script.html
1093,Twins,/Movie Scripts/Twins Script.html
1094,Two For The Money,/Movie Scripts/Two For The Money Script.html
1095,U Turn,/Movie Scripts/U Turn Script.html
1096,"Ugly Truth, The","/Movie Scripts/Ugly Truth, The Script.html"
1097,Un Singe en Hiver,/Movie Scripts/Un Singe en Hiver Script.html
1098,Unbreakable,/Movie Scripts/Unbreakable Script.html
1099,Under Fire,/Movie Scripts/Under Fire Script.html
1100,Unforgiven,/Movie Scripts/Unforgiven Script.html
1101,Unknown,/Movie Scripts/Unknown Script.html
1102,Up,/Movie Scripts/Up Script.html
1103,Up in the Air,/Movie Scripts/Up in the Air Script.html
1104,"Usual Suspects, The","/Movie Scripts/Usual Suspects, The Script.html"
1105,V for Vendetta,/Movie Scripts/V for Vendetta Script.html
1106,Valentine's Day,/Movie Scripts/Valentine's Day Script.html
1107,Valkyrie,/Movie Scripts/Valkyrie Script.html
1108,Vanilla Sky,/Movie Scripts/Vanilla Sky Script.html
1109,"Verdict, The","/Movie Scripts/Verdict, The Script.html"
1110,Vertigo,/Movie Scripts/Vertigo Script.html
1111,Very Bad Things,/Movie Scripts/Very Bad Things Script.html
1112,"Village, The","/Movie Scripts/Village, The Script.html"
1113,Virtuosity,/Movie Scripts/Virtuosity Script.html
1114,"Visitor, The","/Movie Scripts/Visitor, The Script.html"
1115,Wag the Dog,/Movie Scripts/Wag the Dog Script.html
1116,"Walk to Remember, A","/Movie Scripts/Walk to Remember, A Script.html"
1117,Walking Tall,/Movie Scripts/Walking Tall Script.html
1118,Wall Street,/Movie Scripts/Wall Street Script.html
1119,Wall Street: Money Never Sleeps,/Movie Scripts/Wall Street: Money Never Sleeps Script.html
1120,Wall-E,/Movie Scripts/Wall-E Script.html
1121,Wanted,/Movie Scripts/Wanted Script.html
1122,War Horse,/Movie Scripts/War Horse Script.html
1123,War of the Worlds,/Movie Scripts/War of the Worlds Script.html
1124,Warm Springs,/Movie Scripts/Warm Springs Script.html
1125,Warrior,/Movie Scripts/Warrior Script.html
1126,Watchmen,/Movie Scripts/Watchmen Script.html
1127,Water for Elephants,/Movie Scripts/Water for Elephants Script.html
1128,"Way Back, The","/Movie Scripts/Way Back, The Script.html"
1129,We Own the Night,/Movie Scripts/We Own the Night Script.html
1130,What About Bob?,/Movie Scripts/What About Bob? Script.html
1131,What Lies Beneath,/Movie Scripts/What Lies Beneath Script.html
1132,When a Stranger Calls,/Movie Scripts/When a Stranger Calls Script.html
1133,When Harry Met Sally,/Movie Scripts/When Harry Met Sally Script.html
1134,While She Was Out,/Movie Scripts/While She Was Out Script.html
1135,"Whistleblower, The","/Movie Scripts/Whistleblower, The Script.html"
1136,White Christmas,/Movie Scripts/White Christmas Script.html
1137,White Jazz,/Movie Scripts/White Jazz Script.html
1138,"White Ribbon, The","/Movie Scripts/White Ribbon, The Script.html"
1139,White Squall,/Movie Scripts/White Squall Script.html
1140,Whiteout,/Movie Scripts/Whiteout Script.html
1141,Who Framed Roger Rabbit?,/Movie Scripts/Who Framed Roger Rabbit? Script.html
1142,Who's Your Daddy,/Movie Scripts/Who's Your Daddy Script.html
1143,Wild At Heart,/Movie Scripts/Wild At Heart Script.html
1144,"Wild Bunch, The","/Movie Scripts/Wild Bunch, The Script.html"
1145,Wild Hogs,/Movie Scripts/Wild Hogs Script.html
1146,Wild Things,/Movie Scripts/Wild Things Script.html
1147,Wild Things: Diamonds in the Rough,/Movie Scripts/Wild Things: Diamonds in the Rough Script.html
1148,Wild Wild West,/Movie Scripts/Wild Wild West Script.html
1149,Willow,/Movie Scripts/Willow Script.html
1150,Win Win,/Movie Scripts/Win Win Script.html
1151,Wind Chill,/Movie Scripts/Wind Chill Script.html
1152,Withnail and I,/Movie Scripts/Withnail and I Script.html
1153,Witness,/Movie Scripts/Witness Script.html
1154,"Wizard of Oz, The","/Movie Scripts/Wizard of Oz, The Script.html"
1155,"Wolf of Wall Street, The","/Movie Scripts/Wolf of Wall Street, The Script.html"
1156,Wonder Boys,/Movie Scripts/Wonder Boys Script.html
1157,"Woodsman, The","/Movie Scripts/Woodsman, The Script.html"
1158,"World is not Enough, The","/Movie Scripts/World is not Enough, The Script.html"
1159,"Wrestler, The","/Movie Scripts/Wrestler, The Script.html"
1160,"X-Files: Fight the Future, The","/Movie Scripts/X-Files: Fight the Future, The Script.html"
1161,X-Men,/Movie Scripts/X-Men Script.html
1162,X-Men Origins: Wolverine,/Movie Scripts/X-Men Origins: Wolverine Script.html
1163,xXx,/Movie Scripts/xXx Script.html
1164,Year One,/Movie Scripts/Year One Script.html
1165,Yes Man,/Movie Scripts/Yes Man Script.html
1166,You Can Count On Me,/Movie Scripts/You Can Count On Me Script.html
1167,You've Got Mail,/Movie Scripts/You've Got Mail Script.html
1168,Youth in Revolt,/Movie Scripts/Youth in Revolt Script.html
1169,Zero Dark Thirty,/Movie Scripts/Zero Dark Thirty Script.html
1170,Zerophilia,/Movie Scripts/Zerophilia Script.html
